Version,Threads,Schedule,Chunk,Tiempo promedio (s),Speedup,Efficiency,Checksum,MaxDiff vs seq
sequential,1,sequential,-,0.3700,1.000,1.000,492034.836621,0.000e+00
parallel,2,static,default,0.2810,1.317,0.658,492034.836621,0.000e+00
parallel,4,static,default,0.1443,2.563,0.641,492034.836621,0.000e+00
parallel,8,static,default,0.1123,3.294,0.412,492034.836621,0.000e+00
parallel,8,static,8,0.1123,3.294,0.412,492034.836621,0.000e+00
parallel,8,static,64,0.1130,3.274,0.409,492034.836621,0.000e+00
parallel,8,dynamic,8,0.0840,4.405,0.550,492034.836621,0.000e+00
parallel,8,dynamic,64,0.0860,4.302,0.538,492034.836621,0.000e+00
parallel,8,guided,default,0.0950,3.895,0.487,492034.836621,0.000e+00
parallel,8,static,1,0.1110,3.333,0.417,492034.836621,0.000e+00
parallel,8,static,512,0.1313,2.817,0.352,492034.836621,0.000e+00
parallel,8,dynamic,1,0.0883,4.189,0.523,492034.836621,0.000e+00
parallel,8,dynamic,512,0.1140,3.246,0.406,492034.836621,0.000e+00
parallel,8,guided,8,0.0930,3.978,0.497,492034.836621,0.000e+00
parallel,8,guided,64,0.0897,4.126,0.516,492034.836621,0.000e+00
optimized-reduction,2,static,default,0.3430,1.079,0.539,492034.836621,1.677e-08
optimized-reduction,4,static,default,0.1987,1.862,0.466,492034.836621,1.677e-08
optimized-reduction,8,static,default,0.1143,3.236,0.405,492034.836621,1.677e-08
optimized-reduction,8,static,8,0.0843,4.387,0.548,492034.836621,1.677e-08
optimized-reduction,8,static,64,0.0877,4.221,0.527,492034.836621,1.538e-08
optimized-reduction,8,dynamic,8,0.0690,5.362,0.670,492034.836621,1.538e-08
optimized-reduction,8,dynamic,64,0.0680,5.441,0.680,492034.836621,1.677e-08
optimized-reduction,8,guided,default,0.1127,3.284,0.410,492034.836621,1.677e-08
optimized-reduction,8,static,1,0.0847,4.370,0.546,492034.836621,1.677e-08
optimized-reduction,8,static,512,0.1120,3.304,0.413,492034.836621,1.677e-08
optimized-reduction,8,dynamic,1,0.0733,5.045,0.631,492034.836621,1.538e-08
optimized-reduction,8,dynamic,512,0.0953,3.881,0.485,492034.836621,1.677e-08
optimized-reduction,8,guided,8,0.1103,3.353,0.419,492034.836621,1.538e-08
optimized-reduction,8,guided,64,0.1127,3.284,0.410,492034.836621,1.677e-08
optimized-reduction,2,dynamic,64,0.2330,1.588,0.794,492034.836621,1.399e-08
optimized-reduction,4,dynamic,64,0.1167,3.171,0.793,492034.836621,1.677e-08
optimized-atomic,8,dynamic,64,0.5457,0.678,0.085,492034.836621,1.120e-08
optimized-critical,8,dynamic,64,2.7943,0.132,0.017,492034.836621,1.120e-08
